world_file,category,difficulty,obstacles,a_mem,a_time,a_turns,d_mem,d_time,d_turns,rrt_mem,rrt_time,rrt_turns,spawn_x,spawn_y,spawn_z,goal_x,goal_y,wall_count
map_4302_Random_hard.sdf,Random,Hard,676,427,4458.4239,17,1824,18453.1672,17,485,9511.2085,43.7,-11.5,10.5,0.1,10.5,-12.0,676
map_4951_Random_hard.sdf,Random,Hard,741,515,5618.929,22,1760,17794.3513,18,473,7216.7238,44.4,-11.0,11.0,0.1,11.0,-11.0,741
map_4822_Random_hard.sdf,Random,Hard,726,435,4574.7944,19,1776,17984.9741,18,518,9853.6162,44.2,-11.5,11.0,0.1,10.5,-10.5,726
map_4752_Random_hard.sdf,Random,Hard,721,386,4013.1193,19,1780,18007.3819,18,509,7928.0365,44.2,-11.5,10.0,0.1,11.5,-11.0,721
map_4492_Random_hard.sdf,Random,Hard,691,413,4253.786,19,1808,18279.0299,18,510,10531.1637,44.0,-10.5,10.5,0.1,11.5,-12.0,691
map_4818_Random_hard.sdf,Random,Hard,726,325,3446.2146,17,1770,17910.2146,18,487,8997.4765,43.8,-11.0,11.0,0.1,10.0,-12.0,726
map_4226_Random_hard.sdf,Random,Hard,666,366,3983.2555,16,1834,18540.6998,18,420,4855.9573,43.6,-11.5,10.0,0.1,11.5,-12.0,666
map_4581_Random_hard.sdf,Random,Hard,701,349,3686.0828,18,1798,18189.552,18,530,11629.2442,44.1,-11.5,11.0,0.1,11.0,-11.0,701
map_4390_Random_hard.sdf,Random,Hard,681,308,3240.0516,19,1818,18389.211,18,494,7924.1696,43.6,-11.5,11.0,0.1,11.0,-11.5,681
map_4009_Random_hard.sdf,Random,Hard,646,359,3892.0667,15,1856,18750.779,17,506,6411.1095,43.5,-11.0,11.0,0.1,11.5,-11.5,646
map_4225_Random_hard.sdf,Random,Hard,666,360,3931.9191,17,1835,18545.912,17,491,6648.1583,43.5,-11.5,11.0,0.1,11.5,-10.5,666
map_3891_Random_hard.sdf,Random,Hard,631,374,4021.1708,15,1869,18916.9068,15,478,5867.345,43.7,-11.5,11.0,0.1,11.5,-12.0,631
map_4682_Random_hard.sdf,Random,Hard,711,366,4019.0485,19,1788,18103.641,18,489,6975.8837,44.1,-11.5,11.0,0.1,11.5,-12.0,711
map_3200_Random_hard.sdf,Random,Hard,566,354,3818.455,14,1934,19553.7513,15,507,8454.4904,43.1,-10.5,11.0,0.1,10.5,-12.0,566
map_3955_Random_hard.sdf,Random,Hard,641,356,3867.9235,15,1860,18808.2534,14,503,6259.5104,43.3,-11.5,11.0,0.1,10.5,-12.0,641
map_3158_Random_hard.sdf,Random,Hard,561,357,3855.1031,14,1940,19600.6004,15,415,4688.1304,43.0,-11.5,10.5,0.1,10.5,-12.0,561
map_2627_Random_moderate.sdf,Random,Moderate,506,120,1346.8612,10,1994,20127.7177,9,378,3285.6701,42.1,-11.5,11.0,0.1,11.5,-12.0,506
map_4557_Random_moderate.sdf,Random,Moderate,701,120,1344.6609,10,1798,18148.2059,10,370,3242.5585,42.8,-11.5,11.0,0.1,11.5,-12.0,701
map_2523_Random_moderate.sdf,Random,Moderate,496,117,1301.6223,6,2004,20224.7886,7,325,2440.0087,41.8,-11.5,10.0,0.1,11.5,-12.0,496
map_2522_Random_moderate.sdf,Random,Moderate,496,126,1416.7009,9,2004,20229.528,9,326,2809.776,41.9,-10.5,11.0,0.1,11.5,-11.0,496
map_2375_Random_moderate.sdf,Random,Moderate,481,120,1353.5338,10,2018,20371.6901,9,384,3335.9563,41.9,-11.5,11.0,0.1,11.5,-12.0,481
map_1352_Random_moderate.sdf,Random,Moderate,381,100,1143.2908,7,2118,21365.545,6,334,2691.9024,41.7,-11.5,11.0,0.1,11.5,-12.0,381
map_59_Random_easy.sdf,Random,Easy,251,47,600.1192,0,2237,22530.1673,0,291,1985.0152,42.0,-11.5,11.0,0.1,11.5,-12.0,251
map_61_Random_easy.sdf,Random,Easy,251,47,599.1263,0,2237,22528.0691,0,292,1978.8882,41.5,-11.5,11.0,0.1,11.5,-12.0,251
map_62_Random_easy.sdf,Random,Easy,251,47,600.378,0,2237,22518.9677,0,291,1989.1752,41.5,-11.5,11.0,0.1,11.5,-12.0,251
map_7372_Rooms_hard.sdf,Rooms,Hard,839,1288,13704.3158,16,1647,16707.886,14,545,10447.0434,51.0,-11.5,10.5,0.1,11.0,-11.5,839
map_9687_Rooms_hard.sdf,Rooms,Hard,997,1230,13328.4857,16,1443,14601.0108,15,602,11237.9228,55.3,-11.5,11.0,0.1,11.5,-12.0,997
map_9544_Rooms_hard.sdf,Rooms,Hard,1018,1217,13006.5516,16,1463,14729.3644,15,534,12363.9138,51.0,-11.0,10.5,0.1,11.5,-12.0,1018
map_8843_Rooms_hard.sdf,Rooms,Hard,1015,1165,12742.3174,11,1467,14768.4706,14,505,11163.7768,50.8,-11.5,11.0,0.1,11.5,-12.0,1015
map_8074_Rooms_hard.sdf,Rooms,Hard,827,1195,12875.9917,13,1665,16986.9476,12,490,9006.6955,51.7,-11.5,10.5,0.1,11.5,-12.0,827
map_9405_Rooms_hard.sdf,Rooms,Hard,897,1140,12439.1956,14,1588,16114.7737,12,445,7643.1711,47.9,-11.0,11.0,0.1,11.0,-11.5,897
map_9381_Rooms_hard.sdf,Rooms,Hard,841,1090,11838.1263,9,1671,16942.688,13,428,7408.4774,47.3,-11.0,10.5,0.1,11.0,-11.5,841
map_9152_Rooms_hard.sdf,Rooms,Hard,803,1092,11941.1402,11,1685,17094.2708,12,425,6858.9788,46.9,-11.5,11.0,0.1,11.0,-12.0,803
map_7981_Rooms_hard.sdf,Rooms,Hard,887,1076,11750.0773,13,1568,15871.2179,13,555,9552.357,51.5,-11.5,11.0,0.1,11.5,-12.0,887
map_8382_Rooms_hard.sdf,Rooms,Hard,866,1071,11733.4264,14,1631,16518.2378,13,440,7230.6769,47.3,-11.0,10.5,0.1,11.5,-12.0,866
map_7972_Rooms_hard.sdf,Rooms,Hard,863,1080,11743.8845,11,1460,14903.0898,13,543,9278.1858,53.7,-11.5,11.0,0.1,11.0,-11.5,863
map_5937_Rooms_hard.sdf,Rooms,Hard,543,1052,11555.623,15,1947,19724.9503,10,427,6548.2552,45.6,-11.5,11.0,0.1,11.0,-11.5,543
map_9061_Rooms_hard.sdf,Rooms,Hard,937,1049,11432.5446,12,1551,15689.9555,13,468,9046.4848,47.7,-11.5,11.0,0.1,11.5,-11.5,937
map_9826_Rooms_hard.sdf,Rooms,Hard,1070,1035,11124.8451,16,1302,13143.7966,14,411,7941.6185,50.8,-11.0,10.5,0.1,11.0,-12.0,1070
map_9713_Rooms_hard.sdf,Rooms,Hard,1017,1010,10875.649,12,1483,15050.2801,12,451,7748.9942,47.3,-11.5,10.5,0.1,11.0,-11.5,1017
map_8661_Rooms_hard.sdf,Rooms,Hard,724,1053,11430.9317,12,1779,18068.1558,11,415,5923.3428,46.1,-11.5,11.0,0.1,11.0,-11.5,724
map_7219_Rooms_moderate.sdf,Rooms,Moderate,671,203,2351.4304,8,1826,18483.9343,9,404,3967.0829,44.8,-11.5,11.0,0.1,11.5,-12.0,671
map_8658_Rooms_moderate.sdf,Rooms,Moderate,1004,218,2393.0833,8,1495,15100.4198,11,425,4176.2841,44.1,-11.0,10.5,0.1,11.5,-11.5,1004
map_8829_Rooms_moderate.sdf,Rooms,Moderate,687,199,2182.2763,8,1812,18304.0551,8,390,2907.869,42.8,-10.5,11.0,0.1,11.5,-12.0,687
map_9705_Rooms_moderate.sdf,Rooms,Moderate,1069,199,2247.4328,10,1377,13969.2952,15,544,8718.6869,47.0,-11.0,10.5,0.1,11.5,-11.0,1069
map_9082_Rooms_moderate.sdf,Rooms,Moderate,871,187,2060.3,11,1592,16100.4866,7,406,3442.5536,45.1,-11.5,10.5,0.1,11.0,-11.5,871
map_6610_Rooms_moderate.sdf,Rooms,Moderate,589,185,2035.4773,7,1910,19302.4585,8,354,2869.4394,43.0,-11.5,11.0,0.1,11.0,-12.0,589
map_5009_Rooms_easy.sdf,Rooms,Easy,364,48,600.9485,0,2136,21538.1768,0,285,1998.3271,41.5,-11.5,11.0,0.1,11.5,-12.0,364
map_5836_Rooms_easy.sdf,Rooms,Easy,473,48,600.0403,0,2027,20447.257,0,287,2055.786,41.5,-11.5,11.0,0.1,11.5,-12.0,473
map_5837_Rooms_easy.sdf,Rooms,Easy,354,47,597.4891,0,2145,21620.2081,0,316,2092.7968,41.5,-11.0,10.5,0.1,11.5,-11.5,354
map_13994_Corridors_hard.sdf,Corridors,Hard,1734,744,8003.9675,26,743,7766.8798,26,783,31402.8655,54.8,-11.5,11.0,0.1,11.5,-12.0,1734
map_14802_Corridors_hard.sdf,Corridors,Hard,1738,700,7498.8001,23,756,7756.0356,22,681,25701.5817,48.2,-11.5,11.0,0.1,11.5,-12.0,1738
map_14980_Corridors_hard.sdf,Corridors,Hard,1788,667,7202.8075,25,711,7354.3681,23,685,27528.7331,49.1,-11.5,11.0,0.1,11.5,-12.0,1788
map_14668_Corridors_hard.sdf,Corridors,Hard,1735,675,7223.7532,26,755,7825.0801,24,695,25360.9829,50.5,-11.5,11.0,0.1,11.5,-12.0,1735
map_14888_Corridors_hard.sdf,Corridors,Hard,1824,658,7105.8391,25,672,6974.7561,23,669,23921.1837,47.7,-11.5,11.0,0.1,11.5,-12.0,1824
map_14735_Corridors_hard.sdf,Corridors,Hard,1791,640,6899.0429,19,710,7301.5335,18,527,19072.7039,44.6,-11.5,11.0,0.1,11.5,-12.0,1791
map_14547_Corridors_hard.sdf,Corridors,Hard,1824,648,7047.9093,23,659,6848.2429,24,671,24852.4449,49.1,-11.5,11.0,0.1,11.5,-12.0,1824
map_14510_Corridors_hard.sdf,Corridors,Hard,1818,638,6903.6464,23,683,7026.4571,21,638,26104.6893,45.8,-11.5,11.0,0.1,11.5,-12.0,1818
map_14494_Corridors_hard.sdf,Corridors,Hard,1788,647,7009.3766,26,710,7382.1727,25,708,29962.8383,50.8,-11.5,11.0,0.1,11.5,-12.0,1788
map_14706_Corridors_hard.sdf,Corridors,Hard,1814,642,6992.5676,25,674,6995.4455,24,641,24548.7269,49.2,-11.5,11.0,0.1,11.5,-12.0,1814
map_14074_Corridors_hard.sdf,Corridors,Hard,1847,645,7026.8557,28,648,6769.0191,28,651,28575.5484,52.7,-11.5,11.0,0.1,11.5,-12.0,1847
map_14190_Corridors_hard.sdf,Corridors,Hard,1764,640,6916.4215,29,720,7471.3407,26,703,30985.1952,50.3,-11.5,11.0,0.1,11.5,-12.0,1764
map_14056_Corridors_hard.sdf,Corridors,Hard,1776,628,6843.1789,28,709,7383.9624,24,718,24043.9703,50.9,-11.5,11.0,0.1,11.5,-12.0,1776
map_13364_Corridors_hard.sdf,Corridors,Hard,1854,633,6882.4525,23,660,6888.1293,26,765,31165.6888,53.2,-11.5,11.0,0.1,11.5,-12.0,1854
map_14495_Corridors_hard.sdf,Corridors,Hard,1755,632,6873.8568,26,702,7231.3988,22,682,24585.5399,48.2,-11.5,11.0,0.1,11.5,-12.0,1755
map_13820_Corridors_hard.sdf,Corridors,Hard,1857,627,6748.5004,18,640,6593.0698,19,664,24642.1062,46.2,-11.5,11.0,0.1,11.5,-12.0,1857
map_12356_Corridors_moderate.sdf,Corridors,Moderate,2042,279,3094.6974,13,459,4756.8046,15,405,16956.3985,36.6,-11.5,11.0,0.1,11.5,-12.0,2042
map_11672_Corridors_moderate.sdf,Corridors,Moderate,2157,289,3192.4305,18,345,3631.9947,17,318,17191.9638,35.6,-11.5,11.0,0.1,11.5,-12.0,2157
map_11779_Corridors_moderate.sdf,Corridors,Moderate,2021,289,3196.3816,19,488,5115.1413,17,440,18636.6864,42.1,-11.5,11.0,0.1,11.5,-12.0,2021
map_10764_Corridors_moderate.sdf,Corridors,Moderate,2130,292,3213.8603,15,376,3944.5405,15,332,17408.3725,33.4,-11.5,11.0,0.1,11.5,-12.0,2130
map_11515_Corridors_moderate.sdf,Corridors,Moderate,2176,286,3151.9978,15,327,3463.7961,14,305,15031.4868,32.8,-11.5,11.0,0.1,11.5,-12.0,2176
map_10726_Corridors_moderate.sdf,Corridors,Moderate,2100,294,3267.0857,21,398,4216.5555,19,396,22926.4184,39.6,-11.5,11.0,0.1,11.5,-12.0,2100
map_12885_Corridors_easy.sdf,Corridors,Easy,1932,95,1128.9476,14,417,4318.9065,14,416,12347.6685,39.1,-11.5,11.0,0.1,11.5,-12.0,1932
map_10777_Corridors_easy.sdf,Corridors,Easy,2157,89,1070.8042,11,294,3136.1048,13,316,14644.2749,31.9,-11.5,11.0,0.1,11.5,-12.0,2157
map_12818_Corridors_easy.sdf,Corridors,Easy,1975,89,1078.6252,13,517,5319.7964,14,375,11161.1363,38.2,-11.5,11.0,0.1,11.5,-12.0,1975
map_17663_Mazes_hard.sdf,Mazes,Hard,1274,1184,12246.5165,47,1215,12453.0346,46,206,107766.8254,22.0,-7.5,11.0,0.1,11.5,-12.0,1274
map_16734_Mazes_hard.sdf,Mazes,Hard,1246,1180,12223.8294,45,1248,12780.3784,44,1284,82196.7473,76.8,-7.0,9.0,0.1,11.5,-12.0,1246
map_17503_Mazes_hard.sdf,Mazes,Hard,1270,1179,12188.7219,44,1217,12491.3573,44,1024,88474.4068,57.2,-6.5,9.0,0.1,11.5,-12.0,1270
map_18505_Mazes_hard.sdf,Mazes,Hard,1299,1171,12134.3526,54,1177,12159.5636,53,0,188077.9333,90.1,-6.0,11.0,0.1,11.5,-12.0,1299
map_18914_Mazes_hard.sdf,Mazes,Hard,1311,1160,12064.0879,57,1170,12142.793,58,0,193946.4109,90.1,-7.0,11.0,0.1,11.5,-12.0,1311
map_18228_Mazes_hard.sdf,Mazes,Hard,1290,1166,12084.1814,50,1194,12263.0815,49,54,138570.333,8.4,-7.5,10.0,0.1,11.5,-12.0,1290
map_18347_Mazes_hard.sdf,Mazes,Hard,1293,1162,12081.4119,60,1198,12399.065,60,0,185813.9775,90.1,0.0,8.0,0.1,11.5,-12.0,1293
map_18596_Mazes_hard.sdf,Mazes,Hard,1300,1165,12147.2568,65,1182,12302.4413,65,0,203876.1462,90.1,-6.5,5.5,0.1,11.5,-12.0,1300
map_18814_Mazes_hard.sdf,Mazes,Hard,1308,1159,12030.0837,53,1163,11987.5793,54,0,182787.8359,0.6,-6.5,6.5,0.1,11.5,-12.0,1308
map_18332_Mazes_hard.sdf,Mazes,Hard,1293,1164,12069.3681,54,1205,12401.3579,53,0,179898.3329,90.1,-10.5,10.5,0.1,11.5,-12.0,1293
map_18553_Mazes_hard.sdf,Mazes,Hard,1300,1159,12094.4071,63,1172,12203.8404,64,0,189550.9667,90.1,-4.5,7.0,0.1,11.5,-12.0,1300
map_16588_Mazes_hard.sdf,Mazes,Hard,1242,1162,12033.0951,39,1252,12770.197,39,1180,68950.0563,61.8,-10.0,9.5,0.1,11.5,-12.0,1242
map_16668_Mazes_hard.sdf,Mazes,Hard,1245,1152,11931.4444,44,1250,12799.734,45,1063,90859.7254,62.8,-11.5,10.5,0.1,11.5,-12.0,1245
map_16783_Mazes_hard.sdf,Mazes,Hard,1248,1147,11894.5008,39,1236,12632.3029,41,1257,78094.5932,63.6,-11.5,9.5,0.1,11.5,-12.0,1248
map_19217_Mazes_hard.sdf,Mazes,Hard,1320,1154,12212.4739,91,1088,11379.3921,88,0,201828.3138,90.1,-6.5,3.5,0.1,11.5,-12.0,1320
map_17508_Mazes_hard.sdf,Mazes,Hard,1270,1156,11969.4904,46,1203,12341.3733,48,443,104759.6341,32.0,-11.5,10.5,0.1,11.5,-12.0,1270
map_15497_Mazes_moderate.sdf,Mazes,Moderate,1210,619,6491.337,33,1287,13088.9358,32,1032,37034.7244,53.6,-11.0,11.0,0.1,11.5,-12.0,1210
map_16884_Mazes_moderate.sdf,Mazes,Moderate,1251,591,6213.3402,36,1239,12638.421,36,1293,62613.2681,58.7,-11.5,-1.5,0.1,11.5,-12.0,1251
map_16603_Mazes_moderate.sdf,Mazes,Moderate,1243,667,7033.9118,40,1243,12696.6509,41,1135,78216.3969,60.7,-11.5,10.5,0.1,11.5,-12.0,1243
map_16048_Mazes_moderate.sdf,Mazes,Moderate,1226,589,6187.0933,35,1270,12948.5252,34,1204,50599.6247,56.8,-11.0,10.0,0.1,11.5,-12.0,1226
map_18313_Mazes_moderate.sdf,Mazes,Moderate,1293,616,6443.733,34,1146,11665.7739,35,1180,66387.0982,57.8,-9.0,1.0,0.1,11.5,-12.0,1293
map_15293_Mazes_moderate.sdf,Mazes,Moderate,1204,579,6095.2891,34,1288,13104.6612,34,1143,43834.2196,56.1,-8.5,10.5,0.1,11.5,-12.0,1204
map_15168_Mazes_easy.sdf,Mazes,Easy,1201,163,1837.43,30,1293,13104.6605,31,981,30617.7207,52.6,-6.5,6.0,0.1,11.5,-12.0,1201
map_19815_Mazes_easy.sdf,Mazes,Easy,1336,144,1676.3376,38,359,3360.2538,40,139,101243.432,29.7,-7.5,11.0,0.1,11.5,-12.0,1336
map_16271_Mazes_easy.sdf,Mazes,Easy,1233,131,1505.3838,29,1256,12758.1162,31,1026,39362.6878,53.0,-11.5,7.0,0.1,11.5,-12.0,1233
